Reporter,Partner,Product categories,Indicator Type,Indicator,2021,2020,2019,2018,2017,2016,2015,2014,2013,2012,2011,2010,2009,2008,2007,2006,2005,2004,2003,2002,2001,2000
Argentina,Germany,All Products,Import,Trade (US$ Mil)-Top 5 Import Partner,2527.15,1987.98,2765.87,3349.8,3229.33,3053.67,3128.71,3532.73,3892.13,3698.23,3645.6,3215.19,1993.91,2533.59,2131.32,1544.88,1335.33,1092.73,768.79,553.55,1051.95,1261.83
Argentina,Chile,All Products,Export,Trade (US$ Mil)-Top 5 Export Partner,4204.88,2888.45,3069.24,3036.52,2620.65,2306.09,2404.53,2792.21,3823.12,5051.83,4772.32,4493.08,4386.66,4713.57,4176.2,4404.62,4497.16,3830.58,3536.33,2961.08,2851.69,2674.33
Argentina,Brazil,All Products,Import,Trade (US$ Mil)-Top 5 Import Partner,12391.98,8648.78,10093.94,15573.23,17870.3,13605.5,13043.78,14340.81,19161.46,17676.65,22181.04,17948.82,11819.24,17976.76,14660.27,11871.44,10625.33,7562.43,4699.63,2518.27,5277.76,6478.45
Argentina,China,All Products,Import,Trade (US$ Mil)-Top 5 Import Partner,13525.04,8656.34,9258.74,12072.49,12314.22,10473.03,11827.02,10776.37,11312.45,9900.61,10572.98,7649.02,4822.6,7103.89,5092.95,3121.71,1528.62,1400.97,720.75,330.24,1066.33,1156.74
Argentina,Brazil,All Products,Export,Trade (US$ Mil)-Top 5 Export Partner,11766.92,7941.28,10385.46,11291.36,9307.37,9039.1,10098.3,13882.69,15948.97,16456.67,17317.11,14432.99,11379.43,13273.28,10486.06,8140.97,6328.29,5411.83,4663.29,4827.79,6205.63,6990.8
Argentina,United States,All Products,Export,Trade (US$ Mil)-Top 5 Export Partner,4995.2,3309.51,4109.53,4277.9,4517.08,4490.79,3434.54,4081.82,4182.36,4023.11,4301.14,3668.83,3680.36,5401.77,4344.41,4119.11,4570.41,3707.82,3133.53,2957.2,2900.13,3148.71
Argentina,United States,All Products,Import,Trade (US$ Mil)-Top 5 Import Partner,5922.12,4414.06,6273.64,7696.59,7634.94,6985.26,7937.17,9107.0,8069.31,8476.1,7810.17,6125.4,5169.64,6979.89,5342.3,4292.13,4532.22,3429.87,2264.01,1804.35,3781.21,4784.87
Australia,Japan,All Products,Import,Trade (US$ Mil)-Top 5 Import Partner,15778.72,12546.59,15375.71,17294.61,16523.67,14593.66,14793.1,15478.59,17946.31,19712.94,18577.83,17526.28,13476.04,18049.34,15907.7,13711.75,13765.15,12881.77,11131.5,9062.53,8344.98,9413.28
Australia,China,All Products,Export,Trade (US$ Mil)-Top 5 Export Partner,116817.97,92618.92,88894.39,74742.94,68471.06,59992.75,61012.46,81413.61,87311.42,75836.31,73804.14,53740.4,33389.24,27225.18,19967.51,15356.47,12302.48,8094.99,5922.09,4557.23,3917.96,3474.45
Australia,"Korea, Rep.",All Products,Export,Trade (US$ Mil)-Top 5 Export Partner,22592.87,14067.2,14099.74,13963.97,13232.65,12770.22,13299.33,17891.71,17710.7,20540.98,24008.84,18829.45,12281.99,15485.8,11306.98,9310.3,8359.63,6740.74,5267.09,5431.9,4925.11,5230.43
Australia,China,All Products,Import,Trade (US$ Mil)-Top 5 Import Partner,72858.76,60208.02,56448.23,57102.17,49971.61,44241.02,46292.72,46854.59,44861.05,45996.26,43447.91,38004.36,29211.72,31588.26,25898.02,20327.74,17341.18,14073.26,9832.37,7332.9,5625.31,5568.96
Australia,Japan,All Products,Export,Trade (US$ Mil)-Top 5 Export Partner,30319.47,22654.47,24446.79,26582.38,24179.67,26344.51,29826.96,43135.79,31251.83,49680.33,52088.08,40088.03,30014.17,42731.58,26801.2,24446.82,21703.96,16314.19,12820.29,12064.75,12255.38,12600.2
Australia,United States,All Products,Import,Trade (US$ Mil)-Top 5 Import Partner,26614.56,24813.32,26089.88,24487.21,23612.15,21703.31,22560.99,24148.86,23820.3,29386.82,26797.97,22561.96,18669.86,24256.28,21252.49,19664.1,17460.41,16111.11,14194.3,13340.68,11729.05,14255.58
Austria,Germany,All Products,Import,Trade (US$ Mil)-Top 5 Import Partner,69544.61,57169.83,61220.14,65338.01,60827.24,55258.74,53767.73,63413.27,63772.94,62386.12,69627.49,59429.4,55542.13,70814.27,64791.42,57096.29,50631.65,47396.42,37534.53,29348.62,28576.88,27759.43
Austria,Switzerland,All Products,Export,Trade (US$ Mil)-Top 5 Export Partner,10081.03,8952.39,8603.53,8787.09,8346.37,8363.32,8362.17,9442.69,8928.28,8475.02,8933.97,7449.75,6620.95,7269.78,6856.43,6127.14,5776.09,5515.28,4939.35,4128.96,3738.32,4353.93
Austria,Germany,All Products,Export,Trade (US$ Mil)-Top 5 Export Partner,58563.81,49238.2,50107.81,53090.76,47526.29,43505.24,42862.88,49507.68,48802.59,47722.88,52119.74,45740.02,40799.37,51167.59,47190.43,42702.4,37425.42,35540.42,28383.06,23407.09,21635.37,21137.87
Austria,Italy,All Products,Export,Trade (US$ Mil)-Top 5 Export Partner,13155.82,10023.63,10808.28,11386.27,9995.18,8984.49,8869.28,10627.99,10553.84,9946.72,13008.92,11359.69,10820.83,14803.66,13985.08,11649.07,10176.46,9486.62,8011.24,6186.68,5666.94,5522.65
Austria,Italy,All Products,Import,Trade (US$ Mil)-Top 5 Import Partner,13646.78,10398.79,11593.28,11718.35,10130.78,9142.01,8923.18,10507.65,10392.74,10317.18,11868.28,10189.74,9173.29,12119.0,10728.01,9019.37,7942.26,7543.83,6432.35,5238.52,5056.23,4879.38
Austria,United States,All Products,Export,Trade (US$ Mil)-Top 5 Export Partner,12746.47,10477.55,11366.17,12485.99,10560.65,9353.43,9647.45,9945.56,8912.43,8391.87,8703.59,6568.38,5629.84,7646.75,7917.99,7763.14,6649.76,6605.72,4623.25,3787.62,3522.03,3207.42
Belgium,Germany,All Products,Import,Trade (US$ Mil)-Top 5 Import Partner,63246.18,42843.68,45161.31,47546.83,45802.92,40906.11,38946.08,49018.16,49181.39,49532.68,52654.56,45216.16,59496.63,79859.45,72953.94,61127.04,54691.73,52337.24,43069.52,34219.3,29045.14,29047.55
Belgium,Germany,All Products,Export,Trade (US$ Mil)-Top 5 Export Partner,65823.7,49084.06,54771.96,58288.55,49022.96,43149.23,38432.76,50962.38,50938.39,49927.72,53970.91,45633.74,71617.43,93191.91,83981.56,72001.08,64547.77,60634.65,49759.68,40235.87,34503.39,31819.77
Belgium,France,All Products,Import,Trade (US$ Mil)-Top 5 Import Partner,40560.5,33091.27,36399.48,35914.64,32702.04,30034.65,28986.64,37899.39,38349.91,36855.21,40302.39,34965.58,40872.94,51928.6,45896.24,39068.69,36206.01,35071.97,30719.8,24938.89,24062.29,22419.9
Belgium,Netherlands,All Products,Import,Trade (US$ Mil)-Top 5 Import Partner,83001.12,56484.5,64663.1,72396.54,61646.04,54818.26,55230.47,79730.31,82718.95,82414.23,83621.1,67131.55,63459.54,89845.87,72258.77,64259.23,56047.31,47204.93,37976.34,31282.39,30583.81,30921.55
Belgium,United Kingdom,All Products,Export,Trade (US$ Mil)-Top 5 Export Partner,23950.13,17692.87,18938.41,21448.91,21280.86,20610.66,20033.8,23955.39,22540.97,20652.2,21410.45,18287.5,26466.01,34012.02,32639.37,28861.55,27392.32,26613.12,23246.74,20749.9,19140.93,18642.16
Belgium,France,All Products,Export,Trade (US$ Mil)-Top 5 Export Partner,53115.66,39414.36,42633.59,45893.43,43131.91,39710.01,39521.98,51307.73,50772.48,47462.41,52081.95,44769.3,66296.05,82435.03,72302.2,61730.84,57659.47,52705.25,44109.48,35241.2,33091.49,33013.92
Belgium,Netherlands,All Products,Export,Trade (US$ Mil)-Top 5 Export Partner,47637.74,34329.03,36050.65,37577.97,34197.1,30132.54,30642.61,38630.7,40460.86,40364.06,41967.71,35667.75,44009.88,57559.87,51317.15,43771.88,39244.45,36043.77,29926.01,25193.2,23189.4,23729.49
Brazil,Germany,All Products,Import,Trade (US$ Mil)-Top 5 Import Partner,11921.3,9682.98,11126.27,11303.28,9776.47,9405.01,10719.14,14324.75,15738.6,14718.63,15776.95,12988.65,10150.37,12463.1,8979.77,6724.99,6361.68,5284.81,4368.47,4603.49,5052.17,4666.02
Brazil,Netherlands,All Products,Export,Trade (US$ Mil)-Top 5 Export Partner,9316.02,6705.0,7159.16,8229.97,7416.92,6954.51,7818.91,10984.24,13349.72,13385.97,12423.4,8974.76,7028.56,9982.18,8135.15,5623.66,5165.12,4702.04,4106.47,3124.13,2861.31,2794.78
Brazil,Argentina,All Products,Import,Trade (US$ Mil)-Top 5 Import Partner,12412.75,8218.06,11044.93,11520.03,9806.85,9445.95,10667.64,14574.26,16977.43,16997.93,17489.81,14941.27,11719.6,13859.24,10905.82,8474.14,6596.07,5902.97,4949.24,5012.69,6528.72,7194.95
Brazil,United States,All Products,Export,Trade (US$ Mil)-Top 5 Export Partner,31337.52,21618.7,29860.03,29093.18,27147.59,23298.72,24173.46,27133.86,24857.21,26795.36,25914.83,19458.89,15741.89,26859.04,25321.72,24755.78,22912.15,20303.17,16866.74,15503.91,14337.49,13360.25
Brazil,United States,All Products,Import,Trade (US$ Mil)-Top 5 Import Partner,41502.93,29722.49,36634.7,34634.4,29288.18,25233.93,28020.95,36939.35,37962.24,34234.74,35868.19,28714.54,21188.18,27236.71,19702.44,15361.32,13419.95,12079.32,10175.26,10866.58,13568.92,13625.8
Barbados,United Kingdom,All Products,Import,Trade (US$ Mil)-Top 5 Import Partner,73.96,72.71,65.91,65.93,64.0,78.01,68.2,69.36,71.62,66.31,71.63,64.19,67.15,92.51,101.35,94.92,90.76,77.29,74.45,78.62,85.95,93.33
Barbados,Trinidad and Tobago,All Products,Import,Trade (US$ Mil)-Top 5 Import Partner,208.98,207.78,237.6,285.72,268.34,217.72,255.4,357.25,463.92,510.85,470.95,85.87,212.32,345.48,100.36,366.1,353.81,83.52,236.44,116.17,174.24,190.08
Barbados,United States,All Products,Export,Trade (US$ Mil)-Top 5 Export Partner,67.37,45.87,92.63,103.69,125.44,177.97,157.49,81.63,84.95,149.1,70.53,78.18,90.02,95.54,44.64,88.61,48.49,39.0,36.11,35.58,38.81,43.11
Barbados,United States,All Products,Import,Trade (US$ Mil)-Top 5 Import Partner,787.14,639.19,594.53,631.86,632.56,634.71,634.62,608.31,584.17,548.53,565.82,525.73,532.6,642.25,567.08,611.77,600.44,477.2,453.03,439.78,449.38,480.18
Barbados,Trinidad and Tobago,All Products,Export,Trade (US$ Mil)-Top 5 Export Partner,25.66,23.46,28.65,31.69,36.52,39.95,39.8,59.43,53.93,64.97,86.05,26.48,32.21,43.03,87.26,48.7,39.09,27.85,28.36,23.69,28.63,36.07
Canada,Japan,All Products,Import,Trade (US$ Mil)-Top 5 Import Partner,12324.0,10094.38,12419.72,13001.92,13500.07,11919.7,11561.57,12046.26,13342.17,15038.6,13193.77,13054.19,10860.58,14404.33,14447.45,13521.42,12220.23,10400.0,9882.96,9834.67,9457.04,11176.25
Canada,China,All Products,Export,Trade (US$ Mil)-Top 5 Export Partner,22404.74,18860.95,17546.21,21376.65,18185.91,15825.08,15783.68,17447.76,19900.0,19383.18,16984.62,12854.41,9797.29,9881.45,8873.35,6879.5,5961.77,5209.11,3436.4,2633.77,2755.23,2444.72
Canada,Mexico,All Products,Import,Trade (US$ Mil)-Top 5 Import Partner,26994.86,22335.57,27878.8,28399.91,27345.83,25040.06,24410.3,26070.73,25919.4,25535.75,24813.96,21465.15,14531.6,16857.73,16050.28,14131.52,12049.99,10339.01,8717.56,8123.44,7830.57,8142.0
Canada,China,All Products,Import,Trade (US$ Mil)-Top 5 Import Partner,68559.62,57131.04,56541.2,58326.3,54652.26,48575.92,51368.52,53066.2,51209.84,50764.77,48653.54,43240.16,34872.19,40152.2,35824.74,30443.27,24369.38,18549.05,13288.64,10201.97,8218.61,7594.11
Canada,Japan,All Products,Export,Trade (US$ Mil)-Top 5 Export Partner,11569.59,9243.57,9507.87,10000.69,9120.76,8085.37,7644.51,9725.09,10325.01,10350.58,10776.25,8932.61,7299.6,10464.78,8603.09,8306.15,7578.14,6587.07,5853.85,5328.02,5388.45,6111.29
Canada,United Kingdom,All Products,Export,Trade (US$ Mil)-Top 5 Export Partner,13155.17,14855.37,14923.44,12817.2,13633.12,12901.54,12481.35,13764.19,13556.43,18776.32,18976.77,15899.87,10588.18,12268.16,11929.63,8937.98,6823.03,5953.34,4351.08,2823.89,3268.68,3856.99
Canada,United States,All Products,Export,Trade (US$ Mil)-Top 5 Export Partner,377983.78,284355.51,335677.01,337466.43,318570.26,296440.4,313544.85,364959.37,346035.16,338260.04,331755.02,289418.96,236480.91,353782.67,331601.97,316556.51,302195.42,267804.2,233380.46,220072.35,227244.27,241728.9
Canada,United States,All Products,Import,Trade (US$ Mil)-Top 5 Import Partner,239020.89,197970.69,230059.93,235121.9,222572.82,209921.52,223174.13,251814.36,240614.34,234075.81,223172.49,197547.49,164245.76,214046.44,206439.12,192177.94,177635.57,160827.01,145755.35,139278.67,140999.71,154497.37
Switzerland,Germany,All Products,Import,Trade (US$ Mil)-Top 5 Import Partner,62360.16,56611.58,57425.52,57789.93,55320.62,51706.91,51832.02,59441.64,59806.1,64229.85,67154.72,56285.67,52211.53,61756.77,52879.38,45062.59,40080.46,37365.41,31825.54,27110.7,25549.84,24431.05
Switzerland,Germany,All Products,Export,Trade (US$ Mil)-Top 5 Export Partner,55240.47,48962.2,47908.72,47447.23,45315.67,43287.25,41122.9,47356.48,45187.86,46777.57,47320.04,37757.59,35048.33,40853.88,35353.28,29287.17,25667.35,25030.31,21834.88,18802.42,17959.24,17492.27
Switzerland,Italy,All Products,Import,Trade (US$ Mil)-Top 5 Import Partner,24049.74,23672.61,22357.52,21284.32,20134.23,19741.26,19431.3,22616.7,24878.29,27704.09,21661.88,17969.46,18170.49,20387.68,17536.79,14975.63,13331.08,12821.91,10500.64,8772.11,7931.24,7685.11
Switzerland,United States,All Products,Export,Trade (US$ Mil)-Top 5 Export Partner,62673.98,73147.72,43860.73,40959.06,36677.71,36753.09,30559.47,31498.72,27262.09,25493.12,24091.99,19798.45,17704.1,19656.01,16885.79,16428.0,14296.36,12956.7,11797.87,11068.71,9593.07,10620.31
Switzerland,United States,All Products,Import,Trade (US$ Mil)-Top 5 Import Partner,24292.92,20889.65,18810.79,21250.72,21408.79,24351.99,20155.98,21340.17,24364.21,25438.77,10341.49,9448.43,15572.84,21724.59,16079.25,12753.55,10489.23,8821.76,8709.79,8163.13,9408.98,10672.17
Chile,China,All Products,Export,Trade (US$ Mil)-Top 5 Export Partner,36523.64,28684.61,22146.55,24878.84,18864.4,17348.48,16219.26,18192.76,19067.22,18078.27,18629.25,17324.91,13028.21,8519.59,10505.91,5254.85,4895.52,3441.79,1909.02,1224.83,1065.04,901.77
Chile,Brazil,All Products,Import,Trade (US$ Mil)-Top 5 Import Partner,7735.61,4358.26,5698.57,6754.68,5701.01,4779.29,4856.34,5673.15,5103.16,5187.01,6223.87,4660.15,2879.29,5302.72,4529.0,4279.32,3820.3,2833.65,2040.07,1611.54,1490.82,1329.76
Chile,China,All Products,Import,Trade (US$ Mil)-Top 5 Import Partner,27515.17,16430.65,16456.63,17577.09,15684.07,14438.62,14678.97,14954.52,15783.89,14436.4,12638.09,9938.15,6101.48,8151.18,5969.72,4318.46,3158.46,2418.44,1811.09,1101.33,1013.1,949.5
Chile,Japan,All Products,Export,Trade (US$ Mil)-Top 5 Export Partner,7238.28,6624.26,6225.52,6856.29,6352.01,5182.95,5278.74,7353.19,7487.0,8326.66,9114.6,7719.75,5103.3,6340.51,7516.26,6479.64,5011.84,3907.47,2425.38,1927.98,2311.93,2546.59
Chile,Argentina,All Products,Import,Trade (US$ Mil)-Top 5 Import Partner,4913.58,3308.96,3515.46,3336.91,2929.66,2546.84,2521.17,2914.79,3930.41,5284.22,4743.28,4693.28,4647.5,5054.14,4380.43,4541.81,4831.46,4162.7,3782.96,3036.02,3074.06,2866.42
Chile,United States,All Products,Export,Trade (US$ Mil)-Top 5 Export Partner,14932.95,9785.7,9584.85,10433.38,10052.86,8468.21,8181.09,9261.01,9786.03,9591.74,9026.97,6918.37,6223.87,8050.22,8674.66,9414.13,6711.1,5010.74,3781.65,3483.3,3483.65,3007.75
Chile,United States,All Products,Import,Trade (US$ Mil)-Top 5 Import Partner,16027.01,10533.74,13693.51,14059.52,11721.12,10357.22,11869.69,14381.34,16040.65,18472.42,14955.83,9916.19,7890.69,11832.67,7811.73,6125.76,5083.82,3528.27,2764.5,2548.8,2976.1,3273.16
China,Japan,All Products,Import,Trade (US$ Mil)-Top 5 Import Partner,205523.71,174655.18,171768.7,180660.54,165794.01,145670.69,142902.57,162920.51,162245.57,177832.34,194567.86,176736.08,130937.52,150600.04,133950.5,115672.58,100407.68,94326.73,74148.13,53466.0,42787.31,41509.68
China,"Hong Kong, China",All Products,Export,Trade (US$ Mil)-Top 5 Export Partner,349442.32,271708.49,278825.3,301701.55,279210.55,287251.66,330462.79,363077.14,384497.87,323445.33,267983.74,218301.36,166216.92,190729.03,184438.21,155309.07,124473.25,100868.57,76274.37,58463.15,46541.24,44518.28
China,"Korea, Rep.",All Products,Import,Trade (US$ Mil)-Top 5 Import Partner,213445.08,173100.17,173559.03,204643.4,177553.15,158974.53,174506.08,190108.77,183072.92,168728.4,162716.84,138339.22,102551.71,112137.92,103751.69,89724.14,76820.4,62234.1,43128.05,28568.01,23376.95,23207.41
China,"Korea, Rep.",All Products,Export,Trade (US$ Mil)-Top 5 Export Partner,148847.03,112476.22,110974.41,108756.14,102703.78,93707.1,101286.38,100333.45,91164.95,87673.76,82920.31,68766.31,53679.88,73931.99,56432.02,44522.21,35107.78,27811.56,20094.76,15534.56,12518.78,11292.36
China,Japan,All Products,Export,Trade (US$ Mil)-Top 5 Export Partner,165822.96,142596.62,143244.52,147048.75,137258.93,129268.49,135616.44,149391.34,150132.59,151626.58,148268.71,121043.96,97910.97,116132.45,102062.5,91622.67,83986.28,73509.04,59408.7,48433.84,44940.52,41654.31
China,"Other Asia, nes",All Products,Import,Trade (US$ Mil)-Top 5 Import Partner,249876.61,200498.31,173013.7,177614.69,155961.3,138847.23,143204.21,152007.13,156405.13,132199.34,124910.65,115733.65,85722.96,103338.1,101027.67,87098.63,74680.43,64759.32,49360.6,38061.48,27338.76,25493.56
China,United States,All Products,Export,Trade (US$ Mil)-Top 5 Export Partner,577125.5,452492.88,419322.65,479278.75,430328.15,385677.76,409979.24,397099.25,369063.86,352438.22,325010.99,283780.32,221295.02,252843.53,233168.79,203801.05,163180.46,125148.96,92626.3,70050.09,54355.08,52156.43
China,United States,All Products,Import,Trade (US$ Mil)-Top 5 Import Partner,180971.93,136339.52,123792.11,156015.76,154441.86,135120.13,148693.06,160064.51,153394.86,133765.82,123124.01,102734.18,77755.1,81585.56,69547.96,59314.27,48741.36,44747.87,33944.17,27261.1,26217.38,22374.57
Germany,Netherlands,All Products,Import,Trade (US$ Mil)-Top 5 Import Partner,106763.47,88520.86,97401.38,104913.48,86934.87,86310.67,88091.62,107890.33,106236.2,99687.35,102777.85,81234.57,70206.79,90988.22,88335.35,76303.97,64375.19,59599.82,50266.05,35269.0,35622.41,44106.09
Germany,France,All Products,Export,Trade (US$ Mil)-Top 5 Export Partner,121000.35,103733.11,119249.54,124361.11,116981.74,111854.02,113887.94,133478.43,131619.15,131280.19,140516.05,118330.73,113102.14,137703.13,128666.0,106705.58,98354.82,93594.21,79186.81,63786.53,61235.63,62803.03
Germany,Netherlands,All Products,Export,Trade (US$ Mil)-Top 5 Export Partner,108856.28,89121.73,92760.19,99570.74,87375.49,82835.43,81541.85,93045.61,90491.65,87674.61,93448.45,81730.27,73105.41,93291.76,85550.22,71001.81,60942.95,56566.86,46411.79,36352.5,34007.13,35495.58
Germany,United States,All Products,Export,Trade (US$ Mil)-Top 5 Export Partner,144604.03,119199.21,133545.76,134363.44,126687.32,118601.93,126561.01,127776.39,119125.99,112420.98,103181.35,87421.8,76297.83,105759.53,100560.79,98010.96,86050.47,80545.78,69665.33,63377.33,59613.96,56392.63
Germany,United States,All Products,Import,Trade (US$ Mil)-Top 5 Import Partner,86799.0,78402.82,81475.27,78295.03,70721.34,65963.44,69099.3,67526.62,66571.07,67352.26,69261.44,61153.54,55787.03,69639.04,62436.45,61792.39,51928.02,50013.34,44063.98,36277.17,39831.64,42789.2
Denmark,Germany,All Products,Import,Trade (US$ Mil)-Top 5 Import Partner,25133.19,20924.91,21016.97,22933.39,19596.18,18199.81,17459.25,20267.38,20325.89,18964.93,19732.36,17116.53,16776.08,22822.74,21010.12,18133.89,15242.48,14450.27,12904.19,10779.93,9684.41,9142.51
Denmark,Sweden,All Products,Export,Trade (US$ Mil)-Top 5 Export Partner,11630.39,9261.66,10724.93,11329.48,10798.54,10585.88,10436.2,12551.08,12935.34,13238.23,13813.45,12347.37,11255.09,15927.74,14460.98,12236.43,10602.98,9280.37,7875.01,6233.0,5679.51,6133.11
Denmark,Germany,All Products,Export,Trade (US$ Mil)-Top 5 Export Partner,16167.69,13443.93,14623.83,16011.56,14449.91,14172.5,15591.59,18338.25,17046.75,14920.02,16415.7,14371.91,13839.0,17472.67,15037.0,13579.5,12617.22,12315.99,11182.09,10012.18,9166.93,8252.69
Denmark,Netherlands,All Products,Import,Trade (US$ Mil)-Top 5 Import Partner,10029.83,8095.65,7550.82,7804.04,7069.94,6692.34,6843.37,7473.95,7220.28,6708.69,6832.06,5855.96,5644.72,7324.11,6517.07,5243.13,4894.83,4508.84,3884.34,3324.1,3123.5,3321.84
Denmark,Sweden,All Products,Import,Trade (US$ Mil)-Top 5 Import Partner,15384.76,12030.1,11686.21,12003.94,10920.46,10200.04,10498.74,12125.94,12007.76,11786.81,12842.05,11008.64,10443.36,15113.5,14039.14,11991.11,10260.59,8968.82,7205.8,5817.03,5317.03,5375.27
Spain,Germany,All Products,Import,Trade (US$ Mil)-Top 5 Import Partner,45267.77,39010.1,44701.71,47537.56,43858.73,40618.31,39973.43,42978.07,37544.06,35990.21,43314.36,37342.2,38605.66,58374.72,59916.82,46828.75,42711.62,41314.51,35151.97,26777.06,24084.52,23148.8
Spain,Germany,All Products,Export,Trade (US$ Mil)-Top 5 Export Partner,38320.46,33805.2,34767.3,36264.84,34542.65,32397.3,30043.11,33119.66,31732.69,30687.96,30822.43,25948.28,24697.69,29357.78,27284.74,23347.53,21900.94,21027.28,19147.74,14463.93,13763.11,14110.82
Spain,France,All Products,Import,Trade (US$ Mil)-Top 5 Import Partner,40390.84,32583.68,37407.11,40958.02,37701.13,34236.44,33338.53,38888.54,36264.44,35170.24,39759.29,34509.76,33663.7,46500.14,48050.27,42105.96,40840.97,39192.65,34835.47,27251.19,25956.86,26690.91
Spain,United Kingdom,All Products,Export,Trade (US$ Mil)-Top 5 Export Partner,21704.47,18748.47,22016.85,21961.68,21146.61,22219.74,20200.82,22095.9,21382.18,18309.89,19359.54,15297.11,14081.72,19743.92,19584.49,17054.73,16201.49,16335.46,15068.09,12150.45,10485.67,9390.94
Spain,France,All Products,Export,Trade (US$ Mil)-Top 5 Export Partner,59692.08,48194.76,49138.8,51344.68,46732.94,43216.46,42853.03,50299.13,50369.42,47017.18,51723.64,44989.05,43148.95,50890.64,47713.51,40056.71,36990.4,34979.59,31019.05,23943.86,22667.97,22217.63
Spain,Italy,All Products,Export,Trade (US$ Mil)-Top 5 Export Partner,31421.64,23406.43,25988.83,26987.46,24982.1,22424.32,20606.74,23139.23,21838.21,21594.9,24409.14,21855.43,18237.42,22393.74,22597.49,18247.16,16112.35,16226.99,15558.85,11855.61,10472.21,9995.26
Spain,Portugal,All Products,Export,Trade (US$ Mil)-Top 5 Export Partner,29415.99,22626.71,24523.33,25172.53,22615.93,19956.19,19815.31,23577.91,22864.86,20346.18,24436.54,21790.43,20523.08,24669.3,21949.59,19056.49,18456.01,17522.03,15168.49,12807.32,11836.89,10914.85
Spain,Italy,All Products,Import,Trade (US$ Mil)-Top 5 Import Partner,26751.95,20338.28,23024.82,25030.82,22909.45,19893.88,19097.26,21020.18,19774.08,20756.51,24098.27,22485.58,20804.55,32187.49,34114.85,27273.2,24728.63,23409.74,19389.11,15016.89,14301.6,13922.04
Finland,Germany,All Products,Import,Trade (US$ Mil)-Top 5 Import Partner,12540.3,10536.92,11421.92,11905.11,10663.85,8816.94,8990.54,10168.29,9536.19,9101.81,11446.77,9040.35,8914.93,12881.71,11399.06,9607.84,8710.67,7412.94,6141.03,4826.85,4798.59,4812.98
Finland,Sweden,All Products,Export,Trade (US$ Mil)-Top 5 Export Partner,8353.45,6818.13,7473.36,7691.32,6855.17,6083.21,6049.93,8158.53,8532.19,7980.38,9274.13,7938.1,6142.9,9741.14,9629.54,8050.44,6981.89,6739.52,5197.71,3720.89,3660.1,4137.09
Finland,Germany,All Products,Export,Trade (US$ Mil)-Top 5 Export Partner,10755.51,8886.35,10440.9,11156.09,9398.92,7363.69,8099.89,8633.79,6896.71,6408.62,7410.03,6576.54,6491.01,9692.07,9806.28,8187.57,6800.77,6505.02,6217.68,5123.51,5331.36,5553.32
Finland,Russian Federation,All Products,Import,Trade (US$ Mil)-Top 5 Import Partner,10051.97,6675.08,10007.14,10892.06,9206.27,6701.56,6587.28,11377.22,13929.32,13415.95,15271.5,12188.0,9797.6,15024.9,11520.4,9747.88,8124.9,6618.35,4939.09,3369.16,3160.96,3165.37
Finland,Sweden,All Products,Import,Trade (US$ Mil)-Top 5 Import Partner,9869.99,7455.06,8154.88,8429.38,7669.03,6737.85,6744.04,8638.19,8798.09,7885.2,11858.85,6907.39,5897.09,9206.74,8016.28,6718.84,6127.46,5485.78,4582.67,3634.38,3384.92,3490.62
France,Germany,All Products,Import,Trade (US$ Mil)-Top 5 Import Partner,119891.0,101023.68,95070.34,102253.03,97082.21,94547.3,96149.64,112991.13,115130.91,115584.15,121591.32,103433.89,88206.76,113901.58,101710.83,86144.46,81703.99,75411.98,63081.65,52223.57,48948.81,49231.23
France,Germany,All Products,Export,Trade (US$ Mil)-Top 5 Export Partner,81694.5,69891.04,78210.51,83212.12,77609.89,78851.33,79145.56,93804.33,93524.55,92316.94,97949.18,82988.67,68985.01,86841.53,77914.75,69417.32,63112.31,62210.7,53413.85,44216.5,41519.87,44461.1
France,Italy,All Products,Export,Trade (US$ Mil)-Top 5 Export Partner,46408.99,37139.02,42046.62,42748.24,39738.18,35717.8,35326.27,40924.83,40380.17,41227.6,47564.33,41322.05,39227.04,52393.49,49433.37,43529.54,39877.08,38620.28,33195.1,27620.71,25427.01,26329.11
France,Spain,All Products,Export,Trade (US$ Mil)-Top 5 Export Partner,43452.93,35639.76,41703.08,44323.63,40190.99,36644.58,36022.04,40237.4,38591.34,37799.12,42562.64,37979.64,37242.57,49916.89,51652.81,47196.78,44221.76,41410.57,36547.7,29565.0,27908.58,28566.73
France,Italy,All Products,Import,Trade (US$ Mil)-Top 5 Import Partner,59444.24,48601.33,48590.65,50411.4,47044.65,42036.5,41696.32,48083.24,48154.72,48213.98,52319.84,44962.06,42959.19,56494.22,52171.51,44828.37,41127.49,38965.55,33233.14,27420.24,26299.94,26429.49
United Kingdom,Germany,All Products,Import,Trade (US$ Mil)-Top 5 Import Partner,75512.97,74403.16,85679.09,92101.4,89639.33,88077.49,94348.06,100307.06,88849.2,83087.74,87752.11,76551.72,63240.2,84615.73,90882.62,78267.41,68953.2,68165.14,58050.82,48537.14,43056.87,43763.86
United Kingdom,Germany,All Products,Export,Trade (US$ Mil)-Top 5 Export Partner,40956.68,41632.0,46352.03,47510.72,46663.01,43797.38,46631.52,52026.09,48040.6,52046.68,54137.87,44671.05,39446.09,53919.2,50684.44,51279.14,41794.21,40234.41,33577.57,32876.55,34086.82,34788.51
United Kingdom,Netherlands,All Products,Import,Trade (US$ Mil)-Top 5 Import Partner,41621.02,46243.6,53927.75,55887.71,51347.9,47382.17,47549.0,53552.2,53787.17,47729.72,46667.07,42288.75,35660.86,47943.91,47468.02,39629.05,35494.16,33742.62,25802.54,23227.26,22111.51,23300.3
United Kingdom,United States,All Products,Export,Trade (US$ Mil)-Top 5 Export Partner,59891.12,55608.22,73528.7,65985.3,59098.12,61568.66,69381.21,64197.48,62795.01,64195.62,62900.79,58649.95,52754.32,65168.29,65259.14,59470.79,56706.3,52721.24,49326.46,43917.97,42945.68,45460.64
United Kingdom,United States,All Products,Import,Trade (US$ Mil)-Top 5 Import Partner,59691.07,58221.7,67079.31,63294.17,58827.52,57103.33,58066.45,58616.73,54494.35,61329.45,61939.38,56611.56,52234.7,63856.14,60645.66,53490.01,44128.28,45420.37,42882.41,42761.24,47341.17,47823.0
"Hong Kong, China",Japan,All Products,Import,Trade (US$ Mil)-Top 5 Import Partner,37187.23,33468.75,33721.1,34881.25,35714.18,33514.51,35252.45,38859.52,38824.4,42350.21,43309.98,40903.17,31063.95,39178.39,37352.12,34722.41,33035.53,32963.13,27606.46,23444.07,22701.84,25581.92
"Hong Kong, China",China,All Products,Export,Trade (US$ Mil)-Top 5 Export Partner,401691.81,304707.81,296069.01,314293.5,297814.13,285501.33,287492.81,300429.69,320687.68,284360.81,246581.69,210291.12,164285.68,178621.25,168603.73,149510.94,130425.88,114315.65,95446.08,78949.84,70346.56,69847.99
"Hong Kong, China",China,All Products,Import,Trade (US$ Mil)-Top 5 Import Partner,315903.02,251123.05,264601.84,280977.15,262582.64,251091.94,261119.6,268260.87,266876.65,251996.21,220581.98,197089.55,161214.31,181232.81,170556.0,153659.48,134965.92,117955.27,101082.79,91947.9,87455.97,91776.86
"Hong Kong, China",Japan,All Products,Export,Trade (US$ Mil)-Top 5 Export Partner,15302.77,14094.77,15472.84,16533.4,16513.33,15055.66,15945.6,17103.15,17479.09,18567.23,17425.68,16496.75,14119.89,15606.58,15341.07,15534.6,15303.87,13914.86,12088.87,10813.52,11246.95,11195.69
"Hong Kong, China","Other Asia, nes",All Products,Import,Trade (US$ Mil)-Top 5 Import Partner,70952.54,53956.38,42305.27,43291.28,42401.39,37803.92,36271.79,39348.72,33959.58,31625.93,31086.53,29043.59,22748.85,24718.4,26506.31,25288.2,21643.36,19753.54,16076.41,14862.22,13839.99,15938.22
"Hong Kong, China",United States,All Products,Export,Trade (US$ Mil)-Top 5 Export Partner,39950.19,39943.23,39120.07,45872.08,42421.55,42031.39,44348.75,44151.11,42761.43,43694.39,42660.15,42816.34,36854.32,46219.74,47318.7,47875.35,46491.77,43952.93,41713.77,42770.35,42367.5,46984.34
Croatia,Germany,All Products,Import,Trade (US$ Mil)-Top 5 Import Partner,4988.88,3990.13,4328.93,4288.52,3871.41,3517.26,3196.3,3463.09,3075.97,2645.56,2858.43,2508.55,2863.08,4115.89,3719.0,3127.14,2751.13,2568.93,2221.01,1742.3,1583.24,1297.66
Croatia,Bosnia and Herzegovina,All Products,Export,Trade (US$ Mil)-Top 5 Export Partner,1932.7,1455.17,1705.14,1612.95,1536.75,1249.8,1248.87,1641.11,1562.43,1577.52,1637.28,1368.34,1347.15,2177.81,1782.59,1310.51,1256.12,1153.79,892.44,704.44,560.56,494.83
Croatia,Germany,All Products,Export,Trade (US$ Mil)-Top 5 Export Partner,2690.72,2173.26,2247.53,2279.04,1939.86,1608.28,1452.6,1548.66,1496.97,1260.67,1349.25,1218.67,1148.52,1518.13,1237.04,1071.45,936.09,895.16,733.15,611.74,689.6,631.83
Croatia,Slovenia,All Products,Export,Trade (US$ Mil)-Top 5 Export Partner,2344.43,1761.14,1834.46,1903.94,1688.93,1703.66,1575.56,1571.05,1326.34,1064.64,1106.21,923.9,776.52,1098.13,1021.32,851.14,711.67,600.77,510.92,427.76,426.36,480.04
Croatia,Slovenia,All Products,Import,Trade (US$ Mil)-Top 5 Import Partner,3692.38,2955.98,3234.01,3140.29,2625.72,2384.34,2194.72,2475.36,2513.31,1217.65,1412.4,1172.91,1212.92,1712.5,1533.6,1350.78,1257.38,1179.42,1051.67,826.48,711.69,626.57
Croatia,Italy,All Products,Export,Trade (US$ Mil)-Top 5 Export Partner,2854.71,2127.11,2382.52,2510.89,2140.7,1864.3,1717.49,1921.19,1851.8,1892.18,2111.58,2209.84,1993.69,2694.14,2359.87,2397.48,1860.24,1834.39,1651.02,1114.99,1106.53,990.07
Croatia,Italy,All Products,Import,Trade (US$ Mil)-Top 5 Import Partner,4248.11,3210.54,3889.84,3708.63,3165.17,2754.22,2707.73,3262.54,2878.26,3512.71,3732.34,3055.67,3272.87,5258.69,4144.96,3600.33,2969.78,2819.21,2581.61,1850.95,1657.12,1310.8
Italy,Germany,All Products,Import,Trade (US$ Mil)-Top 5 Import Partner,91042.4,70023.57,76778.93,82968.37,74294.04,66325.18,63879.39,72235.12,70767.32,70899.28,86732.5,78066.5,69321.34,89988.9,87328.49,74205.28,65672.86,62924.11,53040.24,43905.84,42090.93,41912.8
Italy,Germany,All Products,Export,Trade (US$ Mil)-Top 5 Export Partner,79761.13,64060.38,65509.54,68756.28,63318.72,58311.99,56269.72,66568.03,64356.08,62768.61,68230.67,57766.85,51525.07,69285.48,64758.99,55162.72,48806.61,47911.77,41823.07,34971.6,35701.14,36321.76
Italy,France,All Products,Import,Trade (US$ Mil)-Top 5 Import Partner,46207.86,35737.24,38992.51,43291.59,39622.64,36249.05,35686.74,40912.57,40512.97,40615.04,46518.1,42501.05,36756.08,48347.55,46662.06,41106.41,38092.94,38599.82,33671.15,28148.21,26511.19,26905.83
Italy,Netherlands,All Products,Import,Trade (US$ Mil)-Top 5 Import Partner,33147.09,25470.73,24906.1,26822.73,25673.18,22326.28,22813.52,27646.62,27471.66,26423.96,29233.31,26425.79,23596.49,30178.01,28225.8,24772.25,20619.24,20067.89,16635.3,13783.81,13936.78,13566.15
Italy,France,All Products,Export,Trade (US$ Mil)-Top 5 Export Partner,63223.82,51614.46,56604.05,57500.67,52348.14,48692.32,47291.42,55781.5,56148.07,55577.46,60240.18,51724.54,47400.94,60975.94,57547.83,49116.84,45522.11,43465.55,37004.62,30944.84,29921.85,30417.03
Italy,United States,All Products,Export,Trade (US$ Mil)-Top 5 Export Partner,58372.63,48473.45,50990.41,50118.65,45684.76,40821.34,39881.61,39508.77,35909.53,34246.96,31662.27,26826.43,23857.71,33873.74,33247.91,30833.55,29666.68,27691.64,24757.28,24292.64,23426.16,24562.73
Japan,"Other Asia, nes",All Products,Export,Trade (US$ Mil)-Top 5 Export Partner,54558.93,44431.49,43006.62,42393.49,40644.77,39297.0,36960.99,39959.02,41612.72,46017.25,50960.36,52470.98,36434.43,46117.64,44889.15,44102.73,43578.16,42012.04,31236.38,26240.54,24229.24,35945.45
Japan,China,All Products,Export,Trade (US$ Mil)-Top 5 Export Partner,163860.27,141399.2,134673.08,144033.05,132781.19,113830.23,109277.77,126361.39,129401.39,144184.83,162035.39,149450.76,109727.43,124900.52,109270.66,92769.55,80074.35,73938.66,57416.82,39824.77,30994.26,30382.1
Japan,"Korea, Rep.",All Products,Export,Trade (US$ Mil)-Top 5 Export Partner,52567.99,44688.45,46265.49,52480.44,53284.88,46235.24,44018.77,51520.34,56513.45,61527.65,66174.01,62361.08,47273.09,59492.56,54333.49,50270.02,46629.9,44257.4,34806.43,28569.76,25296.86,30700.38
Japan,China,All Products,Import,Trade (US$ Mil)-Top 5 Import Partner,185664.48,163850.56,169295.82,173716.57,164543.43,156552.58,160559.7,181294.16,180977.51,188500.37,183882.19,153203.23,122574.08,143229.98,127922.37,118525.74,108477.57,94340.41,75471.96,61784.47,57864.68,55106.75
Japan,United States,All Products,Export,Trade (US$ Mil)-Top 5 Export Partner,135975.91,118793.19,140498.53,140713.38,135094.8,130585.87,126387.23,130773.31,134539.55,142084.77,127674.66,120338.24,95302.74,138704.96,145624.2,147197.75,135946.69,128693.89,117542.21,120388.71,122542.92,142480.03
Japan,United States,All Products,Import,Trade (US$ Mil)-Top 5 Import Partner,82966.49,71767.26,81420.71,83640.15,73952.98,69221.59,68347.46,73045.28,71958.77,78216.4,76266.74,69114.69,60590.11,78937.22,72409.98,69384.71,65403.97,63702.09,59996.9,58808.96,63756.68,72149.79
"Korea, Rep.",Japan,All Products,Import,Trade (US$ Mil)-Top 5 Import Partner,54641.47,46022.7,47579.04,54603.33,55124.45,47466.28,45853.4,53775.89,60029.17,64362.82,68319.88,64295.81,49427.29,60956.29,56250.1,51926.27,48403.13,46144.46,36313.0,29855.16,26633.08,31826.98
"Korea, Rep.","Hong Kong, China",All Products,Export,Trade (US$ Mil)-Top 5 Export Partner,37465.02,30624.4,31905.99,45978.66,39059.15,32778.6,30418.15,27275.38,27756.05,32605.23,30967.38,25294.02,19660.84,19771.22,18654.45,18978.45,15531.02,18127.1,14653.7,10144.88,9451.46,10708.09
"Korea, Rep.",China,All Products,Export,Trade (US$ Mil)-Top 5 Export Partner,162912.97,132565.44,136202.53,162124.67,142119.05,124432.94,137123.93,145327.7,145869.5,134322.4,134185.01,116837.8,86703.25,91388.9,81985.13,69459.18,61914.97,49763.18,35109.72,23753.23,18186.81,18454.54
"Korea, Rep.",China,All Products,Import,Trade (US$ Mil)-Top 5 Import Partner,138627.46,108884.24,107228.16,106487.85,97859.48,86978.91,90248.76,90071.15,83051.45,80782.2,86430.97,71573.12,54245.68,76926.97,63025.15,48556.6,38648.08,29584.76,21909.06,17399.68,13302.62,12798.65
"Korea, Rep.",Japan,All Products,Export,Trade (US$ Mil)-Top 5 Export Partner,30061.77,25097.58,28420.17,30527.12,26814.29,24354.46,25576.46,32247.79,34662.22,38795.95,39679.48,28176.25,21770.82,28252.42,26370.19,26533.92,24027.42,21701.33,17276.11,15140.35,16502.32,20466.02
"Korea, Rep.",United States,All Products,Export,Trade (US$ Mil)-Top 5 Export Partner,96299.35,74352.78,73598.9,73043.82,68852.27,66748.31,70117.31,70598.28,62326.9,58806.9,56421.43,49991.46,37802.59,46500.68,45883.92,43320.31,41499.4,43026.56,34368.72,32942.69,31357.34,37806.06
"Korea, Rep.",United States,All Products,Import,Trade (US$ Mil)-Top 5 Import Partner,73659.01,57780.11,62105.14,59080.56,50908.0,43397.74,44208.11,45531.18,41762.16,43652.46,44814.72,40588.44,29160.31,38555.95,37392.95,33796.54,30787.48,28918.64,24934.99,23110.98,22430.93,29285.99
Lithuania,Germany,All Products,Import,Trade (US$ Mil)-Top 5 Import Partner,5695.2,4298.61,4182.29,4371.64,3743.61,3354.42,3236.03,3845.12,3654.37,3148.41,3042.37,2552.77,2076.38,3702.99,3662.61,2885.08,2347.51,2073.26,1583.34,1308.71,1094.46,821.32
Lithuania,Poland,All Products,Import,Trade (US$ Mil)-Top 5 Import Partner,5389.27,4349.73,4201.15,4203.09,3182.75,3013.98,2901.97,3326.64,3320.0,3133.09,2726.44,2064.64,1827.91,3121.7,2598.29,1846.76,1286.27,947.22,505.77,369.23,308.26,269.06
Lithuania,Germany,All Products,Export,Trade (US$ Mil)-Top 5 Export Partner,3349.84,2662.84,2517.2,2460.24,2124.89,1921.85,1993.98,2350.32,2334.78,2307.78,2568.82,2046.22,1597.59,1701.04,1797.65,1218.71,1107.02,952.59,709.49,567.73,575.78,545.89
Lithuania,Latvia,All Products,Export,Trade (US$ Mil)-Top 5 Export Partner,3727.79,3007.36,3162.19,3267.45,2809.57,2470.36,2522.97,2971.66,3245.8,3224.03,2740.03,1987.68,1658.74,2750.87,2210.57,1569.44,1205.46,947.37,692.13,530.47,579.09,571.97
Lithuania,Russian Federation,All Products,Import,Trade (US$ Mil)-Top 5 Import Partner,5308.5,2978.96,5189.61,5172.73,4059.44,3793.24,4596.9,7620.57,9784.16,10401.42,10184.87,7636.73,5482.35,9406.43,4401.42,4700.55,4321.42,2853.87,2160.42,1635.92,1607.0,1493.29
Lithuania,Russian Federation,All Products,Export,Trade (US$ Mil)-Top 5 Export Partner,4415.95,4384.44,4632.26,4665.59,4449.01,3371.12,3479.31,6755.12,6467.14,5598.04,4648.61,3239.57,2188.92,3799.76,2579.87,1807.29,1229.15,863.56,725.87,663.83,504.93,270.93
Latvia,Germany,All Products,Import,Trade (US$ Mil)-Top 5 Import Partner,2430.93,1806.79,1941.95,1953.49,1794.98,1614.42,1557.5,1913.21,1943.95,1856.08,1870.05,1281.82,1077.82,2054.24,2375.08,1770.94,1710.85,1393.29,1195.13,989.2,849.56,710.77
Latvia,Germany,All Products,Export,Trade (US$ Mil)-Top 5 Export Partner,1416.19,1098.85,1045.7,1030.34,949.7,818.92,730.75,932.22,987.06,1005.43,991.97,772.13,623.15,750.13,688.49,594.42,745.57,677.02,611.06,502.76,474.8,456.35
Latvia,Lithuania,All Products,Import,Trade (US$ Mil)-Top 5 Import Partner,3975.19,3103.3,3133.36,3238.24,2974.6,2415.6,2409.01,2956.56,3417.01,3194.59,2897.8,1899.97,1589.45,2597.95,2107.11,1482.88,1676.75,1220.96,721.55,566.16,422.41,343.98
Latvia,Lithuania,All Products,Export,Trade (US$ Mil)-Top 5 Export Partner,3456.41,2477.75,2474.57,2575.26,2312.71,2229.95,2365.95,2733.9,2291.89,2029.45,2171.84,1436.92,1171.63,1548.09,1245.34,864.15,800.79,514.27,336.64,271.15,231.1,201.41
Latvia,Russian Federation,All Products,Import,Trade (US$ Mil)-Top 5 Import Partner,2095.73,1063.73,1209.07,1557.7,1239.2,1095.3,1255.33,1439.97,1404.62,1513.42,1317.66,1115.5,1003.6,1676.82,1274.32,894.09,1042.63,874.73,649.44,503.86,458.14,527.22
Mexico,Germany,All Products,Import,Trade (US$ Mil)-Top 5 Import Partner,17214.36,13871.16,17679.85,17762.16,16422.08,13878.94,13975.56,13762.48,13460.99,13507.76,12862.64,11076.77,9727.22,12605.73,10687.75,9437.04,8670.43,7143.23,6217.82,6065.06,6079.2,5757.13
Mexico,Japan,All Products,Import,Trade (US$ Mil)-Top 5 Import Partner,17078.97,13892.98,17956.08,18188.55,18185.99,17751.97,17368.93,17544.72,17076.12,17655.21,16493.5,15014.69,11397.11,16282.45,16342.98,15295.16,13077.78,10582.96,7594.57,9347.72,8085.24,6463.4
Mexico,United States,All Products,Export,Trade (US$ Mil)-Top 5 Export Partner,386086.72,330433.65,358638.54,356892.5,327215.24,302908.59,309174.11,318652.63,299486.78,288178.65,274720.11,238858.91,185448.52,233793.95,223387.84,212131.77,183837.71,166533.18,144696.72,137963.06,136373.54,146599.59
Mexico,Canada,All Products,Export,Trade (US$ Mil)-Top 5 Export Partner,12895.26,11138.78,14256.34,14034.44,11338.73,10393.27,10520.83,10689.97,10414.23,10927.23,10694.12,10663.92,8236.48,7083.68,6477.82,5176.22,4234.48,2780.86,3021.76,3010.07,3254.29,3580.53
Mexico,United States,All Products,Import,Trade (US$ Mil)-Top 5 Import Partner,221311.74,168197.31,206134.04,216270.19,194978.44,179918.08,187308.13,195856.16,187758.44,185683.87,174878.47,145450.4,112788.74,151746.43,139930.56,130809.82,118973.1,111262.25,105723.45,106899.86,114059.68,127689.98
Malaysia,Japan,All Products,Import,Trade (US$ Mil)-Top 5 Import Partner,17790.65,14649.97,15351.78,15825.39,14788.77,13733.98,13770.98,16731.37,17888.7,20181.28,21346.07,20704.52,15430.3,19453.71,18866.75,17341.03,16578.96,16944.51,14282.27,14300.17,14211.04,17240.28
Malaysia,Singapore,All Products,Import,Trade (US$ Mil)-Top 5 Import Partner,22618.59,17526.41,21602.32,25541.39,21587.91,17453.44,21096.24,26200.0,25432.07,25978.49,23995.39,18731.5,13622.42,17007.22,16715.26,15313.89,13356.09,11651.66,9810.98,9566.79,9291.93,11761.99
Malaysia,Japan,All Products,Export,Trade (US$ Mil)-Top 5 Export Partner,18166.72,14883.24,15931.99,17442.95,17580.96,15250.31,18947.31,25276.97,25115.84,26997.64,26134.47,20611.24,15462.31,21186.47,16203.92,14244.77,13340.23,12762.91,11221.73,10467.44,11711.22,12834.29
Malaysia,United States,All Products,Export,Trade (US$ Mil)-Top 5 Export Partner,34366.25,25984.21,23342.31,22551.07,20706.83,19353.88,18928.95,19702.6,18440.58,19718.96,18850.44,18981.09,17235.96,24810.58,27543.32,30186.52,27815.73,23767.42,20539.53,18828.73,17815.89,20159.49
Malaysia,United States,All Products,Import,Trade (US$ Mil)-Top 5 Import Partner,18079.87,16594.01,16583.18,16106.14,15209.25,13418.64,14226.54,16009.27,16087.78,15884.98,18106.86,17551.42,13835.48,16834.42,15776.16,16434.45,14776.36,15258.59,12850.6,13376.91,11838.63,13636.64
Malaysia,Singapore,All Products,Export,Trade (US$ Mil)-Top 5 Export Partner,41847.31,33816.09,33090.8,34756.98,31195.41,27581.07,27842.99,33262.67,31778.87,30931.15,28812.58,26552.83,21931.9,29064.21,25590.47,24757.81,22078.78,18931.04,16522.64,15964.09,14912.9,18045.93
Netherlands,Germany,All Products,Import,Trade (US$ Mil)-Top 5 Import Partner,108104.45,85522.49,87905.14,91644.72,83979.47,73922.46,72793.1,83355.37,84312.09,79488.93,84792.35,78104.31,73281.54,95216.95,84579.79,69729.45,59126.33,55828.06,46470.13,37702.36,36055.7,35433.27
Netherlands,United Kingdom,All Products,Import,Trade (US$ Mil)-Top 5 Import Partner,31334.75,22881.68,27619.95,31002.64,26294.23,23331.7,22798.69,33772.71,36482.08,35204.28,34091.32,29336.73,24616.21,31272.7,26854.41,22783.61,19357.5,18248.0,16999.88,15558.47,17429.01,19015.85
Netherlands,Germany,All Products,Export,Trade (US$ Mil)-Top 5 Export Partner,160431.58,121983.77,128001.85,133402.35,120674.25,107318.6,109257.78,138757.28,141981.27,136461.77,137940.81,119690.61,104921.01,133509.59,112490.19,99146.67,83272.32,75773.81,64216.03,53348.2,55260.69,54912.53
Netherlands,United Kingdom,All Products,Export,Trade (US$ Mil)-Top 5 Export Partner,45084.22,39909.63,44606.96,47390.15,44297.08,42895.47,40459.47,48817.62,48518.68,44548.08,44969.45,39323.54,36107.42,49490.83,43508.16,35714.63,32219.56,32052.95,27099.92,24116.27,24080.59,23074.34
Netherlands,France,All Products,Export,Trade (US$ Mil)-Top 5 Export Partner,56096.61,42456.97,45054.67,46109.58,42559.57,37957.17,36737.56,47148.31,47724.23,46609.44,50424.79,43089.33,38347.76,47707.81,39195.28,33023.34,32004.65,30705.35,26533.34,22107.63,22343.51,22555.33
Netherlands,United States,All Products,Import,Trade (US$ Mil)-Top 5 Import Partner,47590.03,39139.0,41772.67,39915.35,34911.65,33469.12,33340.11,36222.28,35349.57,33945.25,32781.6,33216.01,32081.66,39955.9,33091.65,29846.02,24457.6,22684.25,18374.24,17232.74,19280.36,20319.08
Netherlands,Belgium,All Products,Import,Trade (US$ Mil)-Top 5 Import Partner,61614.52,47351.86,50763.59,52122.26,47667.03,41363.8,42030.17,49195.81,49861.05,48464.72,50673.2,42243.16,38290.26,49942.6,45416.31,38989.92,33516.38,30964.58,26619.04,21334.88,18073.15,18401.29
Netherlands,Belgium,All Products,Export,Trade (US$ Mil)-Top 5 Export Partner,74138.08,56465.47,58276.37,59686.4,54364.26,48189.12,48705.53,63111.3,63517.8,62389.32,67722.18,54730.61,48299.83,63312.9,56823.2,49767.76,40914.7,36606.94,31037.43,25964.66,25530.58,25134.09
Norway,Germany,All Products,Import,Trade (US$ Mil)-Top 5 Import Partner,10975.63,9261.01,9293.0,9522.8,9486.93,8712.64,8620.18,10566.33,11129.27,10816.25,10880.85,9506.89,8726.24,11812.07,10839.28,8633.92,7456.78,6572.37,5280.04,4551.48,4166.86,4095.72
Norway,Germany,All Products,Export,Trade (US$ Mil)-Top 5 Export Partner,35548.04,9970.85,15056.59,19687.01,15822.79,12774.56,18451.94,24476.88,26702.19,19279.13,17041.11,14453.96,14578.34,21009.45,16701.04,15028.56,13085.21,10823.06,8841.5,7562.02,7176.75,6309.58
Norway,United Kingdom,All Products,Export,Trade (US$ Mil)-Top 5 Export Partner,37878.59,14324.47,20949.49,26554.34,21523.28,18548.82,20873.29,32894.51,37366.12,42622.02,45141.29,35867.94,26987.92,45775.45,35585.4,32663.74,25997.77,18582.55,14428.62,11514.65,11574.63,12433.29
Norway,Sweden,All Products,Import,Trade (US$ Mil)-Top 5 Import Partner,11114.97,8646.25,10111.22,10569.27,9819.38,8675.9,8765.59,10949.47,11954.5,11821.43,12143.83,10806.93,9419.28,12564.02,11706.69,9625.25,8001.05,7583.88,6395.91,5350.88,5022.23,5066.46
Norway,Netherlands,All Products,Export,Trade (US$ Mil)-Top 5 Export Partner,12844.24,8151.25,11548.88,13028.37,10135.33,9523.67,11406.82,19267.98,16869.32,19709.8,18726.52,15537.3,13300.14,17683.26,13945.41,12533.95,10313.71,8440.08,6522.79,5701.08,6150.69,6902.15
New Zealand,Japan,All Products,Import,Trade (US$ Mil)-Top 5 Import Partner,3122.59,2043.98,2761.54,3032.83,2960.72,2556.77,2389.22,2833.25,2530.47,2473.65,2921.3,2245.58,1895.1,2802.55,2911.17,2407.55,2872.26,2587.67,2171.11,1803.12,1467.44,1558.66
New Zealand,China,All Products,Import,Trade (US$ Mil)-Top 5 Import Partner,11774.05,8296.25,8542.93,8633.41,7748.41,7203.34,7146.24,7198.99,6770.77,6248.99,7438.83,4887.41,3856.21,4565.4,4122.26,3222.41,2838.41,2242.77,1663.06,1205.41,927.22,870.68
New Zealand,Australia,All Products,Export,Trade (US$ Mil)-Top 5 Export Partner,5558.26,5219.34,5741.38,6336.41,6252.05,5757.64,5850.8,7292.24,7491.51,8023.93,10847.78,7230.35,5739.72,7124.89,5910.75,4583.03,4645.55,4239.42,3560.99,2883.27,2597.59,2709.0
New Zealand,Japan,All Products,Export,Trade (US$ Mil)-Top 5 Export Partner,2499.37,2281.3,2310.72,2421.32,2275.54,2070.15,2071.44,2442.37,2322.79,2600.28,3440.53,2434.23,1773.35,2575.79,2478.41,2303.62,2298.79,2280.51,1817.58,1654.12,1716.08,1796.11
New Zealand,Australia,All Products,Import,Trade (US$ Mil)-Top 5 Import Partner,5544.21,4394.54,4873.69,5012.94,4910.88,4534.23,4330.14,5172.23,5262.19,5818.69,7367.04,5563.27,4702.5,6190.66,6361.78,5378.05,5405.97,5189.48,4189.76,3418.46,2914.55,3078.19
New Zealand,United States,All Products,Export,Trade (US$ Mil)-Top 5 Export Partner,4717.26,4298.42,3717.73,3821.02,3781.11,3685.68,4040.22,3911.88,3344.22,3428.08,3998.5,2711.58,2485.51,3124.94,3105.08,2946.48,3086.94,2938.97,2397.64,2207.03,2038.66,1930.59
New Zealand,United States,All Products,Import,Trade (US$ Mil)-Top 5 Import Partner,4257.55,3568.67,4227.47,4419.57,4286.94,4081.07,4309.48,4945.46,3722.82,3566.85,5036.74,3186.63,2760.9,3271.61,3021.54,3092.49,2875.42,2612.4,2185.74,2047.98,2144.97,2417.91
"Other Asia, nes",Japan,All Products,Import,Trade (US$ Mil)-Top 5 Import Partner,56274.24,46149.04,44065.75,44073.53,41999.29,40662.69,38644.4,41678.07,43069.3,47650.05,52167.51,51940.36,36312.87,44619.76,46016.71,46283.56,45940.3,43842.43,32719.52,27276.75,25847.74,38556.95
"Other Asia, nes","Hong Kong, China",All Products,Export,Trade (US$ Mil)-Top 5 Export Partner,63161.94,49263.14,40369.86,41552.19,41278.67,38394.88,38016.51,42526.67,39211.75,37857.54,39918.17,37687.14,29428.63,31236.27,37932.72,37380.41,30720.71,29879.04,30868.19,30847.54,26964.26,31335.63
"Other Asia, nes","Korea, Rep.",All Products,Import,Trade (US$ Mil)-Top 5 Import Partner,30719.66,20683.89,17760.69,19539.31,16913.96,14636.79,13012.61,14781.43,15732.54,15098.31,17840.96,16050.14,10529.92,12622.88,15183.73,14999.44,13203.48,11684.68,8738.16,7711.04,6704.91,8987.94
"Other Asia, nes",China,All Products,Import,Trade (US$ Mil)-Top 5 Import Partner,82705.89,63893.56,57437.91,53753.57,50081.52,44015.14,44113.85,48013.72,42487.42,40960.33,43551.0,35915.78,24490.5,30099.95,28057.95,24782.28,19927.67,16755.84,11017.89,7950.8,5910.74,6230.02
"Other Asia, nes",Japan,All Products,Export,Trade (US$ Mil)-Top 5 Export Partner,29297.94,23564.2,23303.12,23070.63,20817.34,19573.74,19253.78,19890.7,19114.4,18955.01,18163.64,17959.99,14497.98,16827.63,15908.48,16300.06,14480.68,13222.55,12429.91,11983.6,12759.3,16599.2
"Other Asia, nes",United States,All Products,Export,Trade (US$ Mil)-Top 5 Export Partner,65947.05,50910.14,46347.32,39766.37,37044.78,33590.98,34254.96,34908.77,32446.32,32985.23,36257.6,31432.11,23619.29,29569.8,32095.87,32437.54,28567.95,28229.59,26607.04,26824.76,27714.72,34903.0
"Other Asia, nes",United States,All Products,Import,Trade (US$ Mil)-Top 5 Import Partner,39786.66,33055.8,35154.75,35019.84,30542.18,28816.17,26591.58,27698.83,25460.52,23876.92,26022.35,25571.17,18336.93,25370.21,26731.53,22801.08,21064.81,21806.86,17047.65,18132.16,18250.44,25144.2
Poland,Germany,All Products,Import,Trade (US$ Mil)-Top 5 Import Partner,70635.85,55799.65,52736.1,59956.98,49468.65,43177.7,42886.47,47026.9,44229.67,40068.8,46426.28,37784.4,33418.47,48555.43,39434.62,30144.3,25053.38,21479.22,16543.81,13362.47,12003.27,11661.47
Poland,Germany,All Products,Export,Trade (US$ Mil)-Top 5 Export Partner,91052.4,73512.69,69224.85,73691.77,60209.65,53033.75,52261.45,55615.02,50941.99,44741.11,48868.86,40890.94,35679.59,43104.49,35901.25,29701.29,25224.69,22132.31,17241.53,13209.2,12377.32,11005.32
Poland,United Kingdom,All Products,Export,Trade (US$ Mil)-Top 5 Export Partner,16137.56,14567.93,15236.62,16198.25,14071.24,12979.53,13240.92,13663.25,13313.87,12159.68,12169.16,9956.0,8771.56,9900.62,8238.02,6254.01,4995.6,3986.45,2676.13,2104.52,1778.87,1397.81
Poland,Russian Federation,All Products,Import,Trade (US$ Mil)-Top 5 Import Partner,20114.28,11520.67,16014.23,19641.83,14761.0,11536.97,14359.23,23405.6,25261.1,27956.18,25531.51,18200.71,12834.41,20544.99,14352.84,12145.03,8985.5,6390.63,5202.01,4394.27,4408.98,4605.23
Poland,France,All Products,Export,Trade (US$ Mil)-Top 5 Export Partner,18108.96,14191.21,14630.82,14518.56,12342.73,10784.78,10826.93,12018.23,11450.67,10464.73,11534.25,10730.66,9498.91,10668.03,8443.14,6823.14,5558.48,4454.32,3251.48,2450.79,1932.79,1623.64
Poland,Italy,All Products,Import,Trade (US$ Mil)-Top 5 Import Partner,16740.65,12759.08,12274.11,13433.54,10934.77,9609.33,9818.16,11388.32,10729.24,9628.33,11134.64,9725.56,10165.68,13689.41,11235.94,8530.13,7181.0,6934.14,5750.31,4572.69,4110.8,4036.07
Portugal,Germany,All Products,Import,Trade (US$ Mil)-Top 5 Import Partner,12210.78,10385.97,11871.97,13241.09,10761.72,9130.9,8542.15,9654.87,8615.53,8220.12,10173.85,10761.95,9478.36,12621.54,11443.99,10076.74,9160.67,8086.33,6893.64,5988.5,5434.16,5474.09
Portugal,Germany,All Products,Export,Trade (US$ Mil)-Top 5 Export Partner,8292.67,7296.14,8040.83,8511.21,7066.93,6460.08,6523.79,7462.33,7312.27,7195.07,8072.2,6408.0,5705.15,7200.88,6697.59,5772.63,4738.21,4909.84,4704.37,4565.46,4573.95,4390.7
Portugal,France,All Products,Import,Trade (US$ Mil)-Top 5 Import Partner,6593.86,5812.81,8789.6,7292.71,5770.48,5234.8,4954.53,5552.04,5092.56,4773.47,5581.72,5589.8,5982.24,7633.03,7124.24,6000.46,5532.33,5318.68,4615.91,4098.69,4029.12,4233.71
Portugal,United Kingdom,All Products,Export,Trade (US$ Mil)-Top 5 Export Partner,3910.49,3502.79,4062.65,4711.8,4119.69,3915.43,3721.82,3910.86,3468.24,3068.46,3107.54,2686.88,2475.81,3105.95,3138.24,3045.26,3162.6,3481.86,3272.41,2682.38,2459.61,2645.12
Portugal,France,All Products,Export,Trade (US$ Mil)-Top 5 Export Partner,9867.97,8350.53,8672.15,9430.73,7803.44,6997.3,6689.07,7517.09,7296.87,6881.66,7246.24,5907.17,5464.6,6720.74,6566.31,5588.31,5196.56,5072.48,4195.98,3493.54,3062.9,3082.32
Portugal,Spain,All Products,Export,Trade (US$ Mil)-Top 5 Export Partner,20125.65,15598.3,16582.02,18733.96,15641.89,14307.76,13652.2,14990.4,14837.36,13054.72,14845.88,13341.21,12032.67,15899.94,15024.9,12690.49,10625.9,9366.74,7578.39,5408.75,4652.85,4690.44
Portugal,Italy,All Products,Import,Trade (US$ Mil)-Top 5 Import Partner,5063.56,4058.88,4600.85,5088.23,4263.7,3741.06,3619.22,4082.02,3874.57,3770.68,4487.63,4406.82,4171.93,5075.18,4520.85,4181.82,3743.53,3432.53,3023.32,2693.58,2700.36,2844.0
Portugal,Spain,All Products,Import,Trade (US$ Mil)-Top 5 Import Partner,32288.59,25246.09,27325.13,30059.8,25424.36,22508.08,22100.9,25516.99,24427.6,23086.45,26674.92,24886.92,23516.77,29095.12,25540.7,21822.73,19615.73,17092.7,14168.72,11561.92,10804.53,10330.14
Romania,Germany,All Products,Import,Trade (US$ Mil)-Top 5 Import Partner,23473.83,19172.18,19506.53,20025.06,17127.14,15291.04,13846.87,14871.05,13690.63,12220.18,13049.29,10361.36,9433.52,13894.73,12157.13,7836.2,5651.93,4867.57,3559.81,2655.6,2364.52,1922.98
Romania,Germany,All Products,Export,Trade (US$ Mil)-Top 5 Export Partner,18153.09,16193.18,17343.32,18391.58,16217.81,13675.88,11969.66,13440.97,12215.48,10762.25,11687.89,8928.65,7607.41,8148.01,6867.38,5130.53,3890.61,3513.9,2771.03,2165.53,1781.13,1626.97
Romania,France,All Products,Export,Trade (US$ Mil)-Top 5 Export Partner,5647.36,4782.41,5330.92,5686.44,4776.15,4589.08,4124.74,4733.14,4461.13,4052.58,4688.02,4115.44,3316.37,3673.7,3120.87,2446.2,2063.08,1994.74,1295.17,1056.15,918.98,722.5
Romania,Italy,All Products,Export,Trade (US$ Mil)-Top 5 Export Partner,9233.13,7629.83,8704.58,9152.15,7940.39,7373.69,7534.32,8291.42,7565.96,6996.38,8054.2,6838.7,6276.85,7710.68,6893.96,5843.35,5336.46,4979.52,4249.89,3462.09,2837.66,2318.73
Romania,Italy,All Products,Import,Trade (US$ Mil)-Top 5 Import Partner,10345.4,8216.21,8816.68,9185.49,8568.33,7650.97,7605.3,8425.16,8057.54,7692.52,8683.23,7171.29,6354.36,9785.52,8960.92,7534.27,6256.54,5601.84,4688.55,3694.17,3099.88,2443.18
Singapore,"Hong Kong, China",All Products,Export,Trade (US$ Mil)-Top 5 Export Partner,60147.38,46194.24,44377.36,48665.61,46010.51,43261.08,41130.3,45806.23,46061.29,46312.28,45053.16,41272.86,31292.27,35169.39,31461.65,27316.38,21538.03,17641.29,14455.56,11456.56,10818.99,10838.36
Singapore,China,All Products,Import,Trade (US$ Mil)-Top 5 Import Partner,54610.68,47367.51,49032.83,49634.34,45343.52,40493.11,42146.58,44447.98,43967.5,39691.55,38262.59,33671.88,25954.49,33797.29,31968.24,27353.39,20549.16,16188.21,11068.22,8861.66,7205.24,7115.54
Singapore,Malaysia,All Products,Import,Trade (US$ Mil)-Top 5 Import Partner,53729.37,41706.1,41689.72,42774.63,38859.61,32235.2,33067.7,39068.13,40877.41,40482.21,39184.53,36431.45,28530.42,38183.05,34443.45,31179.41,27336.0,24972.5,21551.04,21213.54,20092.96,22832.0
Singapore,United States,All Products,Export,Trade (US$ Mil)-Top 5 Export Partner,39316.82,40225.65,34401.08,31863.38,24183.05,22754.0,23225.8,23145.42,23262.56,22415.8,22205.37,22951.03,17709.24,24169.86,26675.3,27635.19,23870.56,23293.56,20557.84,19093.8,18741.0,23891.13
Singapore,Malaysia,All Products,Export,Trade (US$ Mil)-Top 5 Export Partner,42130.41,33263.82,41152.42,44891.02,39579.73,35634.04,38673.59,50111.71,51893.91,51567.8,50999.15,42367.42,31189.84,41144.67,38894.24,35898.03,30568.27,27268.12,23104.77,21805.45,21120.88,25025.86
Singapore,United States,All Products,Import,Trade (US$ Mil)-Top 5 Import Partner,40573.14,35153.53,43939.38,42103.03,34619.09,30999.02,33519.8,38287.22,38952.7,38690.42,39011.17,35622.01,29216.31,37919.09,32704.66,30279.0,23490.22,20700.5,17982.77,16599.86,19148.65,20269.8
Slovenia,Germany,All Products,Import,Trade (US$ Mil)-Top 5 Import Partner,6403.34,5130.02,5535.41,5908.47,5320.54,4685.22,4453.4,4955.18,5023.31,4591.89,5051.72,4273.04,3957.82,5770.08,5149.21,4142.63,3383.17,3104.26,2571.25,2021.8,1876.91,1872.11
Slovenia,Croatia,All Products,Export,Trade (US$ Mil)-Top 5 Export Partner,3648.47,3003.23,3234.24,2959.62,2546.81,2299.05,2064.58,2357.59,1972.57,1743.51,1956.39,1640.75,1729.06,2505.91,2135.2,1821.21,1620.22,1446.87,1140.69,901.98,798.77,688.04
Slovenia,Germany,All Products,Export,Trade (US$ Mil)-Top 5 Export Partner,8180.87,6758.56,7086.59,7404.93,6439.47,5711.11,5487.06,6117.05,5834.08,5730.09,6112.16,4795.65,4410.99,5524.47,5004.22,4136.32,3562.32,3423.51,2948.35,2560.89,2428.16,2375.74
Slovenia,Italy,All Products,Export,Trade (US$ Mil)-Top 5 Export Partner,4905.34,3491.45,4341.34,4547.37,3671.65,3026.55,2986.47,3624.18,3308.24,3062.49,3449.42,2959.49,2598.01,3536.24,3514.65,2707.55,2265.06,2068.65,1667.66,1246.46,1154.05,1186.42
Slovenia,Italy,All Products,Import,Trade (US$ Mil)-Top 5 Import Partner,5190.53,3957.34,4811.61,4952.74,4503.75,3785.54,3793.67,4540.79,4487.87,4913.3,5157.75,4155.71,3744.24,5596.73,4878.2,3920.63,3413.89,3078.55,2480.28,1934.75,1777.48,1747.93
Slovenia,Austria,All Products,Import,Trade (US$ Mil)-Top 5 Import Partner,3255.62,2736.67,3110.78,2928.79,2479.61,2165.7,2225.27,2594.87,2551.03,2298.13,2445.13,2090.61,1974.44,2825.1,2458.54,1897.8,1552.89,1447.66,1154.8,874.98,833.95,823.41
Slovenia,Austria,All Products,Export,Trade (US$ Mil)-Top 5 Export Partner,3022.07,2390.63,2545.58,2748.71,2409.29,2161.57,2204.34,2714.22,2480.74,2225.75,2245.2,1974.69,1746.13,2293.94,2072.87,1820.2,1442.89,1185.98,935.09,730.35,692.26,655.89
Sweden,Denmark,All Products,Export,Trade (US$ Mil)-Top 5 Export Partner,14664.11,11668.76,11066.88,11441.96,10445.67,9690.41,9510.98,11271.35,11359.37,11010.54,11487.33,10306.14,9618.22,13580.08,12466.5,10598.54,8969.33,8223.11,6543.4,5058.87,4618.28,5017.63
Sweden,Germany,All Products,Import,Trade (US$ Mil)-Top 5 Import Partner,31739.72,26978.66,28208.44,30438.16,28813.21,26403.31,24728.94,28182.62,27992.32,28357.93,32328.56,26758.23,21472.5,29875.83,27986.16,22926.76,20199.92,18864.41,15639.19,12381.31,11280.9,12752.6
Sweden,Norway,All Products,Export,Trade (US$ Mil)-Top 5 Export Partner,20254.23,16337.1,16982.09,17251.72,15441.32,14102.14,14107.67,17036.35,17670.76,17546.13,17507.71,15623.25,13828.39,17471.45,15907.05,13460.13,11305.42,10651.37,8824.74,7209.26,6510.35,6556.33
Sweden,Denmark,All Products,Import,Trade (US$ Mil)-Top 5 Import Partner,12960.3,10087.23,10478.72,12027.15,11056.45,10668.07,10554.44,11911.37,12959.97,13839.5,14479.89,12308.79,10758.18,15860.88,13962.51,12278.34,10587.12,9278.52,7793.47,6090.53,5420.27,5490.28
Sweden,Germany,All Products,Export,Trade (US$ Mil)-Top 5 Export Partner,19422.65,16128.22,16426.17,17631.59,16349.16,14282.18,13978.88,16015.51,16102.61,16500.16,17952.27,15246.3,13357.55,19083.57,17666.35,14661.97,13520.75,12549.48,10194.61,8316.94,8060.57,9549.7
Sweden,Norway,All Products,Import,Trade (US$ Mil)-Top 5 Import Partner,19043.84,13481.43,13316.33,14065.43,11768.75,10981.84,10786.06,12719.51,13482.15,14123.17,14994.91,12970.54,10823.11,14961.92,13018.3,10840.01,9080.77,7662.56,6447.21,5267.07,5350.45,5976.58
United States,Germany,All Products,Import,Trade (US$ Mil)-Top 5 Import Partner,138194.63,117393.02,129857.18,128345.62,119962.97,116259.43,127170.57,125532.37,114338.45,109216.64,100675.93,84129.52,72632.76,99758.48,96631.6,91215.23,86873.02,79143.13,69681.5,63905.16,59075.09,58511.3
United States,Japan,All Products,Import,Trade (US$ Mil)-Top 5 Import Partner,139389.68,122483.99,146974.31,145902.25,139733.0,135071.04,135023.8,137503.84,138574.36,146431.64,132558.8,123762.73,98401.03,143351.76,149423.01,152244.04,141861.46,133551.8,121238.59,124566.14,126473.31,146479.39
United States,Canada,All Products,Import,Trade (US$ Mil)-Top 5 Import Partner,363904.69,276195.55,326628.56,325683.55,305647.66,282919.22,301942.71,354171.83,331016.25,323026.4,317921.22,280426.52,227577.35,339074.08,317481.9,307723.06,294382.27,260161.29,225035.35,212398.4,216234.13,230816.14
United States,Mexico,All Products,Import,Trade (US$ Mil)-Top 5 Import Partner,388357.52,328861.8,361320.94,349195.25,315733.53,296199.94,299181.82,296855.76,280539.04,277586.31,265113.82,232251.41,178321.65,218066.23,212878.01,200499.68,172388.58,157881.92,139686.66,136025.06,131334.7,135923.12
United States,China,All Products,Import,Trade (US$ Mil)-Top 5 Import Partner,541531.35,457164.22,472464.91,563203.12,525764.71,481310.45,504028.12,486296.24,440351.8,425557.37,417340.26,382964.82,309530.23,356304.56,340106.65,305778.88,259836.02,210500.13,163313.86,133510.39,102267.29,100012.9
United States,Japan,All Products,Export,Trade (US$ Mil)-Top 5 Export Partner,74960.7,64090.7,74650.66,75226.09,67582.5,63245.05,62441.25,66825.97,65213.79,69971.99,65791.78,60469.05,51178.32,66573.42,62663.67,59647.55,54679.31,53568.57,52003.77,51447.93,57449.65,64921.65
United States,Mexico,All Products,Export,Trade (US$ Mil)-Top 5 Export Partner,276458.85,212671.75,256371.09,265434.78,243507.47,230228.82,235745.09,240247.09,226070.23,215875.04,198288.69,163664.58,128997.66,151524.8,136520.32,134127.53,120246.88,110731.25,97411.74,97470.19,101295.13,111338.63
United States,Canada,All Products,Export,Trade (US$ Mil)-Top 5 Export Partner,306926.75,255021.62,292338.43,299744.49,282450.32,266701.92,280582.45,312371.47,300685.61,292567.77,281237.17,249248.67,204720.83,260890.17,248408.65,230244.13,211895.29,189878.78,169920.17,160918.22,163421.12,178919.99
